IBGE;IBGE2;Município;Regiao_intermediaria;PIB;Classificacao;Regiao
314590;3145901;Ouro Branco;Barbacena; 3358282,87; 1; 1
310560;3105608;Barbacena;Barbacena; 2683459,07; 1; 1
311830;3118304;Conselheiro Lafaiete;Barbacena; 2125977,23; 2; 1
316250;3162500;São João del Rei;Barbacena; 2033658,53; 2; 1
311800;3118007;Congonhas;Barbacena; 1646173,88; 3; 1
313540;3135407;Jeceaba;Barbacena;  769956,73; 3; 1
311320;3113206;Carandaí;Barbacena;  499029,14; 4; 1
310590;3105905;Barroso;Barbacena;  385190,23; 4; 1
312300;3123007;Dores de Campos;Barbacena;  271130,89; 5; 1
314450;3144508;Nazareno;Barbacena;  205121,14; 5; 1
313740;3137403;Lagoa Dourada;Barbacena;  202557,44;NA; 1
312390;3123908;Entre Rios de Minas;Barbacena;  180657,12;NA; 1
315440;3154408;Ressaquinha;Barbacena;  171678,62;NA; 1
316530;3165305;São Vicente de Minas;Barbacena;  163124,98;NA; 1
310210;3102100;Alto Rio Doce;Barbacena;  162094,00;NA; 1
316500;3165008;São Tiago;Barbacena;  161468,70;NA; 1
315080;3150802;Piranga;Barbacena;  159904,30;NA; 1
313910;3139102;Madre de Deus de Minas;Barbacena;  157368,79;NA; 1
315420;3154200;Resende Costa;Barbacena;  154918,89;NA; 1
316880;3168804;Tiradentes;Barbacena;  154746,58;NA; 1
315270;3152709;Prados;Barbacena;  152106,14;NA; 1
310640;3106408;Belo Vale;Barbacena;  146387,35;NA; 1
310290;3102902;Antônio Carlos;Barbacena;  140944,25;NA; 1
312140;3121407;Desterro de Entre Rios;Barbacena;  118741,70;NA; 1
315733;3157336;Santa Cruz de Minas;Barbacena;   88446,64;NA; 1
310163;3101631;Alfredo Vasconcelos;Barbacena;   84166,04;NA; 1
316620;3166204;Senhora dos Remédios;Barbacena;   79277,49;NA; 1
312040;3120409;Cristiano Otoni;Barbacena;   77099,83;NA; 1
315030;3150307;Piedade do Rio Grande;Barbacena;   73855,82;NA; 1
315610;3156106;Ritápolis;Barbacena;   69121,76;NA; 1
316600;3166006;Senhora de Oliveira;Barbacena;   68282,56;NA; 1
312940;3129400;Ibertioga;Barbacena;   65198,66;NA; 1
311490;3114907;Casa Grande;Barbacena;   60550,26;NA; 1
315940;3159407;Santa Rita de Ibitipoca;Barbacena;   56794,07;NA; 1
315730;3157302;Santa Bárbara do Tugúrio;Barbacena;   56008,32;NA; 1
316090;3160900;São Brás do Suaçuí;Barbacena;   51229,63;NA; 1
311220;3112208;Capela Nova;Barbacena;   48564,41;NA; 1
313390;3133907;Itaverava;Barbacena;   48365,27;NA; 1
311630;3116308;Cipotânea;Barbacena;   48158,75;NA; 1
311970;3119708;Coronel Xavier Chaves;Barbacena;   47191,17;NA; 1
315520;3155207;Rio Espera;Barbacena;   46685,98;NA; 1
311520;3115201;Conceição da Barra de Minas;Barbacena;   42766,65;NA; 1
313790;3137908;Lamim;Barbacena;   40225,40;NA; 1
311540;3115409;Catas Altas da Noruega;Barbacena;   35734,22;NA; 1
312150;3121506;Desterro do Melo;Barbacena;   34825,12;NA; 1
315910;3159100;Santana dos Montes;Barbacena;   32715,19;NA; 1
311310;3113107;Caranaíba;Barbacena;   31368,10;NA; 1
315380;3153806;Queluzito;Barbacena;   29156,66;NA; 1
315870;3158706;Santana do Garambéu;Barbacena;   28654,46;NA; 1
310620;3106200;Belo Horizonte;Belo Horizonte;88951167,81; 1; 2
311860;3118601;Contagem;Belo Horizonte;28988053,32; 1; 2
310670;3106705;Betim;Belo Horizonte;23088152,51; 2; 2
314480;3144805;Nova Lima;Belo Horizonte; 9112333,29; 2; 2
316720;3167202;Sete Lagoas;Belo Horizonte; 8262636,15; 3; 2
313170;3131703;Itabira;Belo Horizonte; 5220378,29; 3; 2
314610;3146107;Ouro Preto;Belo Horizonte; 4644423,45; 4; 2
313190;3131901;Itabirito;Belo Horizonte; 3938104,21; 4; 2
315460;3154606;Ribeirão das Neves;Belo Horizonte; 3855401,23; 5; 2
315780;3157807;Santa Luzia;Belo Horizonte; 3785137,87; 5; 2
314000;3140001;Mariana;Belo Horizonte; 2897514,66;NA; 2
317120;3171204;Vespasiano;Belo Horizonte; 2596132,09;NA; 2
315670;3156700;Sabará;Belo Horizonte; 2523965,67;NA; 2
312980;3129806;Ibirité;Belo Horizonte; 2170053,19;NA; 2
310900;3109006;Brumadinho;Belo Horizonte; 1988402,59;NA; 2
316935;3169356;Três Marias;Belo Horizonte; 1667558,99;NA; 2
313760;3137601;Lagoa Santa;Belo Horizonte; 1661109,71;NA; 2
312090;3120904;Curvelo;Belo Horizonte; 1480513,11;NA; 2
314930;3149309;Pedro Leopoldo;Belo Horizonte; 1437172,46;NA; 2
313665;3136652;Juatuba;Belo Horizonte; 1201844,78;NA; 2
311787;3117876;Confins;Belo Horizonte; 1058291,04;NA; 2
314110;3141108;Matozinhos;Belo Horizonte; 1003317,43;NA; 2
316553;3165537;Sarzedo;Belo Horizonte;  895022,72;NA; 2
311750;3117504;Conceição do Mato Dentro;Belo Horizonte;  810998,61;NA; 2
315720;3157203;Santa Bárbara;Belo Horizonte;  765975,10;NA; 2
310540;3105400;Barão de Cocais;Belo Horizonte;  727192,66;NA; 2
314070;3140704;Mateus Leme;Belo Horizonte;  692348,62;NA; 2
312410;3124104;Esmeraldas;Belo Horizonte;  676032,25;NA; 2
313010;3130101;Igarapé;Belo Horizonte;  648110,57;NA; 2
311535;3115359;Catas Altas;Belo Horizonte;  609951,74;NA; 2
316292;3162922;São Joaquim de Bicas;Belo Horizonte;  602734,88;NA; 2
311000;3110004;Caeté;Belo Horizonte;  577870,28;NA; 2
314740;3147402;Paraopeba;Belo Horizonte;  565326,41;NA; 2
316295;3162955;São José da Lapa;Belo Horizonte;  490793,37;NA; 2
311910;3119104;Corinto;Belo Horizonte;  316785,68;NA; 2
315390;3153905;Raposos;Belo Horizonte;  297988,73;NA; 2
310990;3109907;Caetanópolis;Belo Horizonte;  252699,57;NA; 2
312570;3125705;Felixlândia;Belo Horizonte;  209566,36;NA; 2
313460;3134608;Jaboticatubas;Belo Horizonte;  205294,85;NA; 2
315800;3158003;Santa Maria de Itabira;Belo Horizonte;  165415,83;NA; 2
314015;3140159;Mário Campos;Belo Horizonte;  154894,20;NA; 2
315360;3153608;Prudente de Morais;Belo Horizonte;  144528,15;NA; 2
315480;3154804;Rio Acima;Belo Horizonte;  131635,16;NA; 2
310920;3109204;Buenópolis;Belo Horizonte;  115277,27;NA; 2
312590;3125903;Ferros;Belo Horizonte;  110648,23;NA; 2
312600;3126000;Florestal;Belo Horizonte;  110059,37;NA; 2
310500;3105004;Baldim;Belo Horizonte;  107640,02;NA; 2
313100;3131000;Inhaúma;Belo Horizonte;   99775,58;NA; 2
311890;3118908;Cordisburgo;Belo Horizonte;   92742,43;NA; 2
313570;3135704;Jequitibá;Belo Horizonte;   89206,75;NA; 2
311250;3112505;Capim Branco;Belo Horizonte;   86153,30;NA; 2
315850;3158508;Santana de Pirapama;Belo Horizonte;   83331,95;NA; 2
313660;3136603;Nova União;Belo Horizonte;   82160,37;NA; 2
313110;3131109;Inimutaba;Belo Horizonte;   79701,50;NA; 2
310770;3107703;Bom Jesus do Amparo;Belo Horizonte;   75714,47;NA; 2
310480;3104809;Augusto de Lima;Belo Horizonte;   64566,47;NA; 2
315900;3159001;Santana do Riacho;Belo Horizonte;   61250,11;NA; 2
314230;3142304;Moeda;Belo Horizonte;   59008,28;NA; 2
310320;3103207;Araçaí;Belo Horizonte;   58023,61;NA; 2
312720;3127206;Funilândia;Belo Horizonte;   51672,87;NA; 2
314360;3143609;Morro da Garça;Belo Horizonte;   47266,12;NA; 2
316830;3168309;Taquaraçu de Minas;Belo Horizonte;   47234,01;NA; 2
315320;3153202;Presidente Juscelino;Belo Horizonte;   42502,32;NA; 2
314250;3142502;Monjolos;Belo Horizonte;   41278,12;NA; 2
311810;3118106;Congonhas do Norte;Belo Horizonte;   38962,15;NA; 2
310960;3109600;Cachoeira da Prata;Belo Horizonte;   38435,66;NA; 2
312640;3126406;Fortuna de Minas;Belo Horizonte;   36241,16;NA; 2
316060;3160603;Santo Hipólito;Belo Horizonte;   33663,38;NA; 2
314370;3143708;Morro do Pilar;Belo Horizonte;   32574,55;NA; 2
311380;3113800;Carmésia;Belo Horizonte;   27820,70;NA; 2
313280;3132800;Itambé do Mato Dentro;Belo Horizonte;   25765,49;NA; 2
316050;3160504;Santo Antônio do Rio Abaixo;Belo Horizonte;   22201,31;NA; 2
314750;3147501;Passabém;Belo Horizonte;   19720,88;NA; 2
316480;3164803;São Sebastião do Rio Preto;Belo Horizonte;   18767,52;NA; 2
312230;3122306;Divinópolis;Divinópolis; 6036934,73; 1; 3
313380;3133808;Itaúna;Divinópolis; 3028868,15; 1; 3
314710;3147105;Pará de Minas;Divinópolis; 2744669,26; 2; 3
314520;3145208;Nova Serrana;Divinópolis; 2602636,27; 2; 3
313720;3137205;Lagoa da Prata;Divinópolis; 1631037,11; 3; 3
312610;3126109;Formiga;Divinópolis; 1620086,43; 3; 3
310420;3104205;Arcos;Divinópolis; 1229696,22; 4; 3
310740;3107406;Bom Despacho;Divinópolis; 1211510,31; 4; 3
313370;3133709;Itatiaiuçu;Divinópolis;  960080,53; 5; 3
314560;3145604;Oliveira;Divinópolis;  848004,59; 5; 3
315200;3152006;Pompéu;Divinópolis;  737149,49;NA; 3
311660;3116605;Cláudio;Divinópolis;  656477,87;NA; 3
316040;3160405;Santo Antônio do Monte;Divinópolis;  528305,58;NA; 3
310510;3105103;Bambuí;Divinópolis;  527977,85;NA; 3
315140;3151404;Pitangui;Divinópolis;  507761,08;NA; 3
313880;3138807;Luz;Divinópolis;  491632,25;NA; 3
313350;3133501;Itapecerica;Divinópolis;  463498,10;NA; 3
310020;3100203;Abaeté;Divinópolis;  426041,74;NA; 3
311420;3114204;Carmo do Cajuru;Divinópolis;  418349,10;NA; 3
311450;3114501;Carmópolis de Minas;Divinópolis;  365482,24;NA; 3
313020;3130200;Igaratinga;Divinópolis;  340014,78;NA; 3
314050;3140506;Martinho Campos;Divinópolis;  320779,60;NA; 3
313030;3130309;Iguatama;Divinópolis;  316747,26;NA; 3
314650;3146503;Pains;Divinópolis;  311140,21;NA; 3
310390;3103900;Araújos;Divinópolis;  310140,72;NA; 3
316460;3164605;São Sebastião do Oeste;Divinópolis;  301716,14;NA; 3
314350;3143500;Morada Nova de Minas;Divinópolis;  272545,93;NA; 3
311760;3117603;Conceição do Pará;Divinópolis;  268642,86;NA; 3
313220;3132206;Itaguara;Divinópolis;  268072,45;NA; 3
314690;3146909;Papagaios;Divinópolis;  250167,25;NA; 3
316180;3161809;São Gonçalo do Pará;Divinópolis;  232566,20;NA; 3
314970;3149705;Perdigão;Divinópolis;  213423,80;NA; 3
312320;3123205;Dores do Indaiá;Divinópolis;  212144,06;NA; 3
314770;3147709;Passa Tempo;Divinópolis;  187717,87;NA; 3
311995;3119955;Córrego Fundo;Divinópolis;  183129,76;NA; 3
315050;3150505;Pimenta;Divinópolis;  178103,67;NA; 3
311400;3114006;Carmo da Mata;Divinópolis;  169374,92;NA; 3
314130;3141306;Medeiros;Divinópolis;  120844,94;NA; 3
313970;3139706;Maravilhas;Divinópolis;  115211,06;NA; 3
311980;3119807;Córrego Danta;Divinópolis;  107185,50;NA; 3
314240;3142403;Moema;Divinópolis;  106928,74;NA; 3
315060;3150604;Piracema;Divinópolis;  105242,67;NA; 3
316120;3161205;São Francisco de Paula;Divinópolis;   96293,98;NA; 3
312470;3124708;Estrela do Indaiá;Divinópolis;   95479,11;NA; 3
310810;3108107;Bonfim;Divinópolis;   85996,64;NA; 3
316310;3163102;São José da Varginha;Divinópolis;   83214,94;NA; 3
315530;3155306;Rio Manso;Divinópolis;   80856,20;NA; 3
314890;3148905;Pedra do Indaiá;Divinópolis;   79389,06;NA; 3
313530;3135308;Japaraíba;Divinópolis;   68001,31;NA; 3
315040;3150406;Piedade dos Gerais;Divinópolis;   62144,97;NA; 3
314960;3149606;Pequi;Divinópolis;   60363,23;NA; 3
314640;3146404;Paineiras;Divinópolis;   59774,76;NA; 3
312060;3120607;Crucilândia;Divinópolis;   53762,50;NA; 3
315370;3153707;Quartel Geral;Divinópolis;   50625,84;NA; 3
314580;3145802;Onça de Pitangui;Divinópolis;   49110,95;NA; 3
311040;3110400;Camacho;Divinópolis;   40506,97;NA; 3
310700;3107000;Biquinhas;Divinópolis;   40047,52;NA; 3
313830;3138302;Leandro Ferreira;Divinópolis;   38519,51;NA; 3
316820;3168200;Tapiraí;Divinópolis;   33549,43;NA; 3
316660;3166600;Serra da Saudade;Divinópolis;   19081,42;NA; 3
311560;3115607;Cedro do Abaeté;Divinópolis;   17485,93;NA; 3
312770;3127701;Governador Valadares;Governador Valadares; 5886910,45; 1; 4
312800;3128006;Guanhães;Governador Valadares;  617545,69; 1; 4
310110;3101102;Aimorés;Governador Valadares;  433944,57; 2; 4
313960;3139607;Mantena;Governador Valadares;  376826,15; 2; 4
311840;3118403;Conselheiro Pena;Governador Valadares;  300321,36; 3; 4
315430;3154309;Resplendor;Governador Valadares;  221894,96; 3; 4
315680;3156809;Sabinópolis;Governador Valadares;  182234,36; 4; 4
314860;3148608;Peçanha;Governador Valadares;  179187,30; 4; 4
316280;3162807;São João Evangelista;Governador Valadares;  169043,12; 5; 4
317180;3171808;Virginópolis;Governador Valadares;  139957,62; 5; 4
316840;3168408;Tarumirim;Governador Valadares;  137621,52;NA; 4
315820;3158201;Santa Maria do Suaçuí;Governador Valadares;  133399,94;NA; 4
315950;3159506;Santa Rita do Itueto;Governador Valadares;  126030,46;NA; 4
313320;3133204;Itanhomi;Governador Valadares;  113449,15;NA; 4
315600;3156007;Rio Vermelho;Governador Valadares;  112796,13;NA; 4
312310;3123106;Dores de Guanhães;Governador Valadares;  110350,58;NA; 4
312370;3123700;Engenheiro Caldas;Governador Valadares;  108073,46;NA; 4
313180;3131802;Itabirinha;Governador Valadares;   97926,09;NA; 4
312690;3126901;Frei Inocêncio;Governador Valadares;   93077,51;NA; 4
311920;3119203;Coroaci;Governador Valadares;   92589,48;NA; 4
311680;3116803;Coluna;Governador Valadares;   85394,20;NA; 4
312730;3127305;Galiléia;Governador Valadares;   83014,34;NA; 4
313410;3134103;Itueta;Governador Valadares;   81375,58;NA; 4
310180;3101805;Alpercata;Governador Valadares;   78783,15;NA; 4
311570;3115706;Central de Minas;Governador Valadares;   77886,15;NA; 4
316450;3164506;São Sebastião do Maranhão;Governador Valadares;   73166,93;NA; 4
316350;3163508;São José do Jacuri;Governador Valadares;   64900,21;NA; 4
316550;3165503;Sardoá;Governador Valadares;   58900,29;NA; 4
312220;3122207;Divinolândia de Minas;Governador Valadares;   58381,50;NA; 4
316410;3164100;São Pedro do Suaçuí;Governador Valadares;   57944,12;NA; 4
314150;3141504;Mendes Pimentel;Governador Valadares;   56105,25;NA; 4
313655;3136553;José Raydan;Governador Valadares;   54604,36;NA; 4
313507;3135076;Jampruca;Governador Valadares;   54380,61;NA; 4
316950;3169505;Tumiritinga;Governador Valadares;   54339,26;NA; 4
316257;3162575;São João do Manteninha;Governador Valadares;   54141,05;NA; 4
312083;3120839;Cuparaque;Governador Valadares;   51350,71;NA; 4
316770;3167707;Sobrália;Governador Valadares;   50612,98;NA; 4
317190;3171907;Virgolândia;Governador Valadares;   50200,62;NA; 4
312750;3127503;Gonzaga;Governador Valadares;   48236,55;NA; 4
312210;3122108;Divino das Laranjeiras;Governador Valadares;   47465,93;NA; 4
311205;3112059;Cantagalo;Governador Valadares;   45093,64;NA; 4
314060;3140605;Materlândia;Governador Valadares;   44135,68;NA; 4
311265;3112653;Capitão Andrade;Governador Valadares;   43989,66;NA; 4
314840;3148400;Paulistas;Governador Valadares;   43966,00;NA; 4
312260;3122603;Dom Joaquim;Governador Valadares;   43143,42;NA; 4
314010;3140100;Marilac;Governador Valadares;   42070,76;NA; 4
315750;3157500;Santa Efigênia de Minas;Governador Valadares;   39965,48;NA; 4
312580;3125804;Fernandes Tourinho;Governador Valadares;   39126,76;NA; 4
316300;3163003;São José da Safira;Governador Valadares;   38416,97;NA; 4
314467;3144672;Nova Belém;Governador Valadares;   37655,25;NA; 4
316610;3166105;Senhora do Porto;Governador Valadares;   37487,48;NA; 4
316165;3161650;São Geraldo do Baixio;Governador Valadares;   37034,55;NA; 4
312737;3127370;Goiabeira;Governador Valadares;   36709,16;NA; 4
316160;3161601;São Geraldo da Piedade;Governador Valadares;   36105,20;NA; 4
316105;3161056;São Félix de Minas;Governador Valadares;   35928,62;NA; 4
312695;3126950;Frei Lagonegro;Governador Valadares;   33561,77;NA; 4
317150;3171501;Mathias Lobato;Governador Valadares;   32181,45;NA; 4
314420;3144201;Nacip Raydan;Governador Valadares;   27005,95;NA; 4
313130;3131307;Ipatinga;Ipatinga; 9662783,32; 1; 5
316190;3161908;São Gonçalo do Rio Abaixo;Ipatinga; 3123366,80; 1; 5
316870;3168705;Timóteo;Ipatinga; 2876835,40; 2; 5
313620;3136207;João Monlevade;Ipatinga; 2589634,37; 2; 5
310630;3106309;Belo Oriente;Ipatinga; 2065747,19; 3; 5
311940;3119401;Coronel Fabriciano;Ipatinga; 1648592,88; 3; 5
311340;3113404;Caratinga;Ipatinga; 1608693,25; 4; 5
315570;3155702;Rio Piracicaba;Ipatinga;  510893,80; 4; 5
315895;3158953;Santana do Paraíso;Ipatinga;  490209,53; 5; 5
314470;3144706;Nova Era;Ipatinga;  321543,42; 5; 5
315400;3154002;Raul Soares;Ipatinga;  292460,64;NA; 5
313090;3130903;Inhapim;Ipatinga;  290522,96;NA; 5
316100;3161007;São Domingos do Prata;Ipatinga;  241155,11;NA; 5
310600;3106002;Bela Vista de Minas;Ipatinga;  218505,17;NA; 5
310300;3103009;Antônio Dias;Ipatinga;  189397,91;NA; 5
313115;3131158;Ipaba;Ipatinga;  147639,61;NA; 5
310780;3107802;Bom Jesus do Galho;Ipatinga;  139751,47;NA; 5
317005;3170057;Ubaporanga;Ipatinga;  122666,85;NA; 5
312930;3129301;Iapu;Ipatinga;  100488,03;NA; 5
310050;3100500;Açucena;Ipatinga;   96998,01;NA; 5
310880;3108800;Braúnas;Ipatinga;   92832,51;NA; 5
315015;3150158;Piedade de Caratinga;Ipatinga;   88777,88;NA; 5
316260;3162609;São João do Oriente;Ipatinga;   79669,52;NA; 5
315725;3157252;Santa Bárbara do Leste;Ipatinga;   79353,10;NA; 5
315935;3159357;Santa Rita de Minas;Ipatinga;   77645,41;NA; 5
313610;3136108;Joanésia;Ipatinga;   77119,37;NA; 5
312180;3121803;Dionísio;Ipatinga;   76349,77;NA; 5
314995;3149952;Periquito;Ipatinga;   72609,30;NA; 5
314435;3144359;Naque;Ipatinga;   68612,08;NA; 5
316447;3164472;São Sebastião do Anta;Ipatinga;   68165,22;NA; 5
316095;3160959;São Domingos das Dores;Ipatinga;   66626,90;NA; 5
313500;3135001;Jaguaraçu;Ipatinga;   64936,77;NA; 5
313055;3130556;Imbé de Minas;Ipatinga;   60417,82;NA; 5
317057;3170578;Vargem Alegre;Ipatinga;   57837,29;NA; 5
312250;3122504;Dom Cavati;Ipatinga;   54513,75;NA; 5
316340;3163409;São José do Goiabal;Ipatinga;   54077,04;NA; 5
312385;3123858;Entre Folhas;Ipatinga;   49942,22;NA; 5
310925;3109253;Bugre;Ipatinga;   46259,09;NA; 5
314170;3141702;Mesquita;Ipatinga;   45479,69;NA; 5
317115;3171154;Vermelho Novo;Ipatinga;   44927,14;NA; 5
314030;3140308;Marliéria;Ipatinga;   39015,26;NA; 5
310220;3102209;Alvarenga;Ipatinga;   38965,33;NA; 5
315053;3150539;Pingo d'Água;Ipatinga;   38715,00;NA; 5
312000;3120003;Córrego Novo;Ipatinga;   31906,89;NA; 5
313670;3136702;Juiz de Fora;Juíz de Fora;15985711,93; 1; 6
316990;3169901;Ubá;Juíz de Fora; 2861452,25; 1; 6
313940;3139409;Manhuaçu;Juíz de Fora; 2385009,74; 2; 6
314390;3143906;Muriaé;Juíz de Fora; 2100137,98; 2; 6
315210;3152105;Ponte Nova;Juíz de Fora; 1649723,74; 3; 6
311530;3115300;Cataguases;Juíz de Fora; 1579994,76; 3; 6
317130;3171303;Viçosa;Juíz de Fora; 1557425,98; 4; 6
317200;3172004;Visconde do Rio Branco;Juíz de Fora; 1130602,75; 4; 6
313840;3138401;Leopoldina;Juíz de Fora; 1038714,63; 5; 6
310150;3101508;Além Paraíba;Juíz de Fora;  922183,39; 5; 6
316070;3160702;Santos Dumont;Juíz de Fora;  905917,01;NA; 6
315110;3151107;Pirapetinga;Juíz de Fora;  588793,63;NA; 6
311330;3113305;Carangola;Juíz de Fora;  516515,09;NA; 6
314080;3140803;Matias Barbosa;Juíz de Fora;  505119,06;NA; 6
313950;3139508;Manhumirim;Juíz de Fora;  448030,98;NA; 6
316290;3162906;São João Nepomuceno;Juíz de Fora;  413880,43;NA; 6
315630;3156304;Rodeiro;Juíz de Fora;  409766,19;NA; 6
312420;3124203;Espera Feliz;Juíz de Fora;  395585,68;NA; 6
314400;3144003;Mutum;Juíz de Fora;  374252,92;NA; 6
313770;3137700;Lajinha;Juíz de Fora;  313231,60;NA; 6
315580;3155801;Rio Pomba;Juíz de Fora;  300488,80;NA; 6
310460;3104601;Astolfo Dutra;Juíz de Fora;  299985,47;NA; 6
316900;3169000;Tocantins;Juíz de Fora;  281359,66;NA; 6
310230;3102308;Alvinópolis;Juíz de Fora;  280997,62;NA; 6
312400;3124005;Ervália;Juíz de Fora;  276969,45;NA; 6
315790;3157906;Santa Margarida;Juíz de Fora;  271962,33;NA; 6
313860;3138609;Lima Duarte;Juíz de Fora;  250830,14;NA; 6
310690;3106903;Bicas;Juíz de Fora;  246882,86;NA; 6
314220;3142205;Miraí;Juíz de Fora;  242541,22;NA; 6
314090;3140902;Matipó;Juíz de Fora;  240994,24;NA; 6
313120;3131208;Ipanema;Juíz de Fora;  230036,23;NA; 6
312200;3122009;Divino;Juíz de Fora;  225687,83;NA; 6
310280;3102803;Andrelândia;Juíz de Fora;  218809,15;NA; 6
316150;3161502;São Geraldo;Juíz de Fora;  204620,53;NA; 6
316760;3167608;Simonésia;Juíz de Fora;  190370,02;NA; 6
310030;3100302;Abre Campo;Juíz de Fora;  184763,60;NA; 6
315490;3154903;Rio Casca;Juíz de Fora;  183303,48;NA; 6
317050;3170503;Urucânia;Juíz de Fora;  176443,73;NA; 6
313980;3139805;Mar de Espanha;Juíz de Fora;  170434,24;NA; 6
315130;3151305;Piraúba;Juíz de Fora;  164323,83;NA; 6
312490;3124906;Eugenópolis;Juíz de Fora;  153798,27;NA; 6
316255;3162559;São João do Manhuaçu;Juíz de Fora;  148512,84;NA; 6
313550;3135506;Jequeri;Juíz de Fora;  145485,70;NA; 6
314053;3140530;Martins Soares;Juíz de Fora;  135868,07;NA; 6
316850;3168507;Teixeiras;Juíz de Fora;  130986,99;NA; 6
314210;3142106;Miradouro;Juíz de Fora;  130089,74;NA; 6
310750;3107505;Bom Jardim de Minas;Juíz de Fora;  121192,36;NA; 6
315350;3153509;Alto Jequitibá;Juíz de Fora;  120208,96;NA; 6
312840;3128402;Guarani;Juíz de Fora;  120098,73;NA; 6
314160;3141603;Mercês;Juíz de Fora;  115995,63;NA; 6
315540;3155405;Rio Novo;Juíz de Fora;  111007,77;NA; 6
316400;3164001;São Pedro dos Ferros;Juíz de Fora;  110078,84;NA; 6
315890;3158904;Santana do Manhuaçu;Juíz de Fora;  109819,79;NA; 6
311670;3116704;Coimbra;Juíz de Fora;  107943,96;NA; 6
312595;3125952;Fervedouro;Juíz de Fora;  103795,89;NA; 6
315190;3151909;Pocrane;Juíz de Fora;  101953,72;NA; 6
312880;3128808;Guidoval;Juíz de Fora;  100866,93;NA; 6
315410;3154101;Recreio;Juíz de Fora;   98427,93;NA; 6
314830;3148301;Paula Cândido;Juíz de Fora;   95291,31;NA; 6
312900;3129004;Guiricema;Juíz de Fora;   93273,14;NA; 6
315415;3154150;Reduto;Juíz de Fora;   92587,43;NA; 6
316920;3169208;Tombos;Juíz de Fora;   91084,64;NA; 6
315230;3152303;Porto Firme;Juíz de Fora;   90625,58;NA; 6
310370;3103702;Araponga;Juíz de Fora;   89465,23;NA; 6
312352;3123528;Durandé;Juíz de Fora;   85998,92;NA; 6
312820;3128204;Guaraciaba;Juíz de Fora;   85985,24;NA; 6
312290;3122900;Dona Eusébia;Juíz de Fora;   85008,34;NA; 6
312270;3122702;Dom Silvério;Juíz de Fora;   82738,00;NA; 6
313867;3138674;Luisburgo;Juíz de Fora;   81982,00;NA; 6
313850;3138500;Liberdade;Juíz de Fora;   81902,57;NA; 6
314587;3145877;Orizânia;Juíz de Fora;   80581,79;NA; 6
316380;3163805;São Miguel do Anta;Juíz de Fora;   77415,46;NA; 6
313800;3138005;Laranjal;Juíz de Fora;   75710,15;NA; 6
311290;3112901;Caputira;Juíz de Fora;   74537,82;NA; 6
314820;3148202;Patrocínio do Muriaé;Juíz de Fora;   74350,24;NA; 6
312130;3121308;Descoberto;Juíz de Fora;   72828,40;NA; 6
316750;3167509;Simão Pereira;Juíz de Fora;   72822,01;NA; 6
316570;3165701;Senador Firmino;Juíz de Fora;   72197,74;NA; 6
310205;3102050;Alto Caparaó;Juíz de Fora;   71842,07;NA; 6
311210;3112109;Caparaó;Juíz de Fora;   71746,35;NA; 6
316630;3166303;Sericita;Juíz de Fora;   70907,07;NA; 6
316010;3160108;Santo Antônio do Grama;Juíz de Fora;   70848,04;NA; 6
310570;3105707;Barra Longa;Juíz de Fora;   69634,17;NA; 6
314670;3146701;Palma;Juíz de Fora;   68945,59;NA; 6
311600;3116001;Chalé;Juíz de Fora;   68491,47;NA; 6
311020;3110202;Cajuri;Juíz de Fora;   68143,03;NA; 6
311170;3111705;Canaã;Juíz de Fora;   67089,98;NA; 6
317210;3172103;Volta Grande;Juíz de Fora;   63062,62;NA; 6
314875;3148756;Pedra Bonita;Juíz de Fora;   61825,99;NA; 6
311010;3110103;Caiana;Juíz de Fora;   59336,11;NA; 6
312738;3127388;Goianá;Juíz de Fora;   58036,57;NA; 6
314020;3140209;Maripá de Minas;Juíz de Fora;   57639,84;NA; 6
313260;3132602;Itamarati de Minas;Juíz de Fora;   56507,10;NA; 6
310720;3107208;Bocaina de Minas;Juíz de Fora;   55179,11;NA; 6
315590;3155900;Rio Preto;Juíz de Fora;   55120,15;NA; 6
315930;3159308;Santa Rita de Jacutinga;Juíz de Fora;   54652,54;NA; 6
312530;3125309;Faria Lemos;Juíz de Fora;   53452,55;NA; 6
316140;3161403;São Francisco do Glória;Juíz de Fora;   53369,16;NA; 6
314585;3145851;Oratórios;Juíz de Fora;   53327,42;NA; 6
315020;3150208;Piedade de Ponte Nova;Juíz de Fora;   49991,92;NA; 6
311740;3117405;Conceição de Ipanema;Juíz de Fora;   49820,45;NA; 6
316790;3167905;Tabuleiro;Juíz de Fora;   49410,83;NA; 6
310550;3105509;Barão de Monte Alto;Juíz de Fora;   49122,94;NA; 6
315740;3157401;Santa Cruz do Escalvado;Juíz de Fora;   48724,21;NA; 6
314880;3148806;Pedra do Anta;Juíz de Fora;   48714,43;NA; 6
310610;3106101;Belmiro Braga;Juíz de Fora;   48362,95;NA; 6
315645;3156452;Rosário da Limeira;Juíz de Fora;   47751,00;NA; 6
310360;3103603;Arantina;Juíz de Fora;   47656,88;NA; 6
315310;3153103;Presidente Bernardes;Juíz de Fora;   46999,17;NA; 6
312850;3128501;Guarará;Juíz de Fora;   46507,76;NA; 6
315010;3150109;Piau;Juíz de Fora;   46506,28;NA; 6
316443;3164431;São Sebastião da Vargem Alegre;Juíz de Fora;   46143,22;NA; 6
310250;3102506;Amparo do Serra;Juíz de Fora;   46041,46;NA; 6
312330;3123304;Dores do Turvo;Juíz de Fora;   45609,70;NA; 6
316000;3160009;Santo Antônio do Aventureiro;Juíz de Fora;   44484,48;NA; 6
312190;3121902;Divinésia;Juíz de Fora;   44430,43;NA; 6
314950;3149507;Pequeri;Juíz de Fora;   42880,78;NA; 6
311960;3119609;Coronel Pacheco;Juíz de Fora;   42214,70;NA; 6
315860;3158607;Santana do Deserto;Juíz de Fora;   39911,77;NA; 6
312500;3125002;Ewbank da Câmara;Juíz de Fora;   39851,88;NA; 6
315840;3158409;Santana de Cataguases;Juíz de Fora;   38772,42;NA; 6
310040;3100401;Acaiaca;Juíz de Fora;   38762,74;NA; 6
315727;3157278;Santa Bárbara do Monte Verde;Juíz de Fora;   38742,48;NA; 6
317140;3171402;Vieiras;Juíz de Fora;   37687,79;NA; 6
316805;3168051;Taparuba;Juíz de Fora;   36580,76;NA; 6
311590;3115904;Chácara;Juíz de Fora;   36400,32;NA; 6
310870;3108701;Brás Pires;Juíz de Fora;   35998,70;NA; 6
315500;3155009;Rio Doce;Juíz de Fora;   35979,37;NA; 6
314900;3149002;Pedra Dourada;Juíz de Fora;   34960,46;NA; 6
310440;3104403;Argirita;Juíz de Fora;   32167,49;NA; 6
314780;3147808;Passa Vinte;Juíz de Fora;   32144,18;NA; 6
312460;3124609;Estrela Dalva;Juíz de Fora;   31686,00;NA; 6
310680;3106804;Bias Fortes;Juíz de Fora;   31588,16;NA; 6
316360;3163607;São José do Mantimento;Juíz de Fora;   31309,42;NA; 6
312170;3121704;Diogo de Vasconcelos;Juíz de Fora;   30897,87;NA; 6
314570;3145703;Oliveira Fortes;Juíz de Fora;   30147,78;NA; 6
316556;3165560;Sem-Peixe;Juíz de Fora;   29917,57;NA; 6
311620;3116209;Chiador;Juíz de Fora;   29836,77;NA; 6
316730;3167301;Silveirânia;Juíz de Fora;   27033,15;NA; 6
316560;3165602;Senador Cortes;Juíz de Fora;   26798,33;NA; 6
315620;3156205;Rochedo de Minas;Juíz de Fora;   25829,76;NA; 6
314540;3145406;Olaria;Juíz de Fora;   23436,68;NA; 6
310310;3103108;Antônio Prado de Minas;Juíz de Fora;   22388,81;NA; 6
310330;3103306;Aracitaba;Juíz de Fora;   22382,14;NA; 6
314660;3146602;Paiva;Juíz de Fora;   22168,58;NA; 6
314940;3149408;Pedro Teixeira;Juíz de Fora;   21378,37;NA; 6
314330;3143302;Montes Claros;Montes Claros; 8966059,29; 1; 7
315120;3151206;Pirapora;Montes Claros; 1836803,63; 1; 7
313510;3135100;Janaúba;Montes Claros; 1096608,65; 2; 7
310730;3107307;Bocaiúva;Montes Claros;  797234,92; 2; 7
317080;3170800;Várzea da Palma;Montes Claros;  678518,63; 3; 7
313520;3135209;Januária;Montes Claros;  676244,23; 3; 7
313505;3135050;Jaíba;Montes Claros;  555399,47; 4; 7
315700;3157005;Salinas;Montes Claros;  553718,38; 4; 7
316110;3161106;São Francisco;Montes Claros;  494981,37; 5; 7
316800;3168002;Taiobeiras;Montes Claros;  439552,75; 5; 7
310940;3109402;Buritizeiro;Montes Claros;  420002,93;NA; 7
315220;3152204;Porteirinha;Montes Claros;  335613,50;NA; 7
312670;3126703;Francisco Sá;Montes Claros;  302661,49;NA; 7
310860;3108602;Brasília de Minas;Montes Claros;  302160,75;NA; 7
312780;3127800;Grão Mogol;Montes Claros;  285687,67;NA; 7
312430;3124302;Espinosa;Montes Claros;  274226,76;NA; 7
315560;3155603;Rio Pardo de Minas;Montes Claros;  259980,64;NA; 7
311270;3112703;Capitão Enéas;Montes Claros;  254158,08;NA; 7
315450;3154507;Riacho dos Machados;Montes Claros;  205807,58;NA; 7
316270;3162708;São João do Paraíso;Montes Claros;  200156,55;NA; 7
311880;3118809;Coração de Jesus;Montes Claros;  200147,76;NA; 7
316240;3162401;São João da Ponte;Montes Claros;  195995,71;NA; 7
314290;3142908;Monte Azul;Montes Claros;  190645,73;NA; 7
313210;3132107;Itacarambi;Montes Claros;  189501,47;NA; 7
313930;3139300;Manga;Montes Claros;  187802,57;NA; 7
311615;3116159;Chapada Gaúcha;Montes Claros;  182527,96;NA; 7
317090;3170909;Varzelândia;Montes Claros;  150626,05;NA; 7
316420;3164209;São Romão;Montes Claros;  138653,76;NA; 7
314085;3140852;Matias Cardoso;Montes Claros;  134028,40;NA; 7
314270;3142700;Montalvânia;Montes Claros;  126219,69;NA; 7
314200;3142007;Mirabela;Montes Claros;  122792,13;NA; 7
314545;3145455;Olhos-d'Água;Montes Claros;  120833,95;NA; 7
314100;3141009;Mato Verde;Montes Claros;  119935,21;NA; 7
313810;3138104;Lassance;Montes Claros;  111982,46;NA; 7
314505;3145059;Nova Porteirinha;Montes Claros;  104528,02;NA; 7
317000;3170008;Ubaí;Montes Claros;   93306,29;NA; 7
314915;3149150;Pedras de Maria da Cruz;Montes Claros;   84534,34;NA; 7
317103;3171030;Verdelândia;Montes Claros;   84036,16;NA; 7
313560;3135605;Jequitaí;Montes Claros;   78651,47;NA; 7
316245;3162450;São João das Missões;Montes Claros;   78302,16;NA; 7
313005;3130051;Icaraí de Minas;Montes Claros;   76106,59;NA; 7
314465;3144656;Ninheira;Montes Claros;   75957,45;NA; 7
310825;3108255;Bonito de Minas;Montes Claros;   74049,28;NA; 7
312380;3123809;Engenheiro Navarro;Montes Claros;   70561,46;NA; 7
312960;3129608;Ibiaí;Montes Claros;   65983,81;NA; 7
313865;3138658;Lontra;Montes Claros;   65126,13;NA; 7
311650;3116506;Claro dos Poções;Montes Claros;   62591,99;NA; 7
314345;3143450;Montezuma;Montes Claros;   60269,33;NA; 7
312660;3126604;Francisco Dumont;Montes Claros;   58921,70;NA; 7
313200;3132008;Itacambira;Montes Claros;   58060,82;NA; 7
313535;3135357;Japonvar;Montes Claros;   57654,17;NA; 7
312087;3120870;Curral de Dentro;Montes Claros;   57234,70;NA; 7
315057;3150570;Pintópolis;Montes Claros;   56760,38;NA; 7
315650;3156502;Rubelita;Montes Claros;   56557,03;NA; 7
313065;3130655;Indaiabira;Montes Claros;   54941,66;NA; 7
311783;3117836;Cônego Marinho;Montes Claros;   50857,73;NA; 7
314537;3145372;Novorizonte;Montes Claros;   50750,79;NA; 7
314625;3146255;Padre Carvalho;Montes Claros;   50311,51;NA; 7
313695;3136959;Juvenília;Montes Claros;   50159,47;NA; 7
316045;3160454;Santo Antônio do Retiro;Montes Claros;   48680,48;NA; 7
313868;3138682;Luislândia;Montes Claros;   48544,45;NA; 7
310850;3108503;Botumirim;Montes Claros;   48341,49;NA; 7
313925;3139250;Mamonas;Montes Claros;   47647,57;NA; 7
317065;3170651;Vargem Grande do Rio Pardo;Montes Claros;   44770,01;NA; 7
313730;3137304;Lagoa dos Patos;Montes Claros;   44682,00;NA; 7
314795;3147956;Patis;Montes Claros;   44517,18;NA; 7
314655;3146552;Pai Pedro;Montes Claros;   43445,66;NA; 7
312030;3120300;Cristália;Montes Claros;   43401,10;NA; 7
316225;3162252;São João da Lagoa;Montes Claros;   42879,96;NA; 7
312965;3129657;Ibiracatu;Montes Claros;   42358,94;NA; 7
313640;3136405;Joaquim Felício;Montes Claros;   40384,34;NA; 7
310665;3106655;Berizal;Montes Claros;   40113,76;NA; 7
311547;3115474;Catuti;Montes Claros;   39495,88;NA; 7
312707;3127073;Fruta de Leite;Montes Claros;   39416,75;NA; 7
312825;3128253;Guaraciama;Montes Claros;   39092,32;NA; 7
312733;3127339;Gameleiras;Montes Claros;   39049,72;NA; 7
315213;3152131;Ponto Chique;Montes Claros;   38232,73;NA; 7
315760;3157609;Santa Fé de Minas;Montes Claros;   37876,34;NA; 7
315737;3157377;Santa Cruz de Salinas;Montes Claros;   37556,06;NA; 7
314225;3142254;Miravânia;Montes Claros;   36847,70;NA; 7
313680;3136801;Juramento;Montes Claros;   36755,41;NA; 7
313657;3136579;Josenópolis;Montes Claros;   36223,74;NA; 7
316695;3166956;Serranópolis de Minas;Montes Claros;   34898,92;NA; 7
316265;3162658;São João do Pacuí;Montes Claros;   33984,53;NA; 7
311115;3111150;Campo Azul;Montes Claros;   32964,70;NA; 7
312735;3127354;Glaucilândia;Montes Claros;   27286,79;NA; 7
314800;3148004;Patos de Minas;Patos de Minas; 4378966,37; 1; 8
314700;3147006;Paracatu;Patos de Minas; 3510747,53; 1; 8
314810;3148103;Patrocínio;Patos de Minas; 2707529,45; 2; 8
317040;3170404;Unaí;Patos de Minas; 2676152,48; 2; 8
313630;3136306;João Pinheiro;Patos de Minas; 1461889,36; 3; 8
311930;3119302;Coromandel;Patos de Minas;  885183,65; 3; 8
316210;3162104;São Gotardo;Patos de Minas;  757567,41; 4; 8
311430;3114303;Carmo do Paranaíba;Patos de Minas;  737380,24; 4; 8
310930;3109303;Buritis;Patos de Minas;  700922,36; 5; 8
317100;3171006;Vazante;Patos de Minas;  644829,19; 5; 8
315550;3155504;Rio Paranaíba;Patos de Minas;  499792,00;NA; 8
315340;3153400;Presidente Olegário;Patos de Minas;  454113,76;NA; 8
316680;3166808;Serra do Salitre;Patos de Minas;  345835,92;NA; 8
312860;3128600;Guarda-Mor;Patos de Minas;  340183,16;NA; 8
313750;3137502;Lagoa Formosa;Patos de Minas;  321516,22;NA; 8
313710;3137106;Lagamar;Patos de Minas;  262695,58;NA; 8
313753;3137536;Lagoa Grande;Patos de Minas;  228081,70;NA; 8
310855;3108552;Brasilândia de Minas;Patos de Minas;  219226,41;NA; 8
316170;3161700;São Gonçalo do Abaeté;Patos de Minas;  211330,63;NA; 8
310450;3104502;Arinos;Patos de Minas;  205425,11;NA; 8
310820;3108206;Bonfinópolis de Minas;Patos de Minas;  201430,83;NA; 8
316890;3168903;Tiros;Patos de Minas;  190681,34;NA; 8
310945;3109451;Cabeceira Grande;Patos de Minas;  182247,64;NA; 8
317075;3170750;Varjão de Minas;Patos de Minas;  181962,08;NA; 8
312620;3126208;Formoso;Patos de Minas;  154807,18;NA; 8
312890;3128907;Guimarânia;Patos de Minas;  143723,70;NA; 8
317052;3170529;Urucuia;Patos de Minas;  129507,04;NA; 8
310380;3103801;Arapuá;Patos de Minas;  115042,49;NA; 8
312070;3120706;Cruzeiro da Fortaleza;Patos de Minas;   92904,99;NA; 8
315445;3154457;Riachinho;Patos de Minas;   90696,93;NA; 8
314120;3141207;Matutina;Patos de Minas;   62991,76;NA; 8
312247;3122470;Dom Bosco;Patos de Minas;   50496,01;NA; 8
317047;3170479;Uruana de Minas;Patos de Minas;   50450,31;NA; 8
314437;3144375;Natalândia;Patos de Minas;   43844,84;NA; 8
312510;3125101;Extrema;Pouso Alegre; 7529546,61; 1; 9
315250;3152501;Pouso Alegre;Pouso Alegre; 7388029,46; 1; 9
315180;3151800;Poços de Caldas;Pouso Alegre; 6365939,96; 2; 9
313240;3132404;Itajubá;Pouso Alegre; 3010825,87; 2; 9
315960;3159605;Santa Rita do Sapucaí;Pouso Alegre; 1559508,34; 3; 9
311060;3110608;Cambuí;Pouso Alegre; 1348084,66; 3; 9
316370;3163706;São Lourenço;Pouso Alegre;  976870,42; 4; 9
310260;3102605;Andradas;Pouso Alegre;  872681,66; 4; 9
313300;3133006;Itamonte;Pouso Alegre;  722636,16; 5; 9
314600;3146008;Ouro Fino;Pouso Alegre;  657703,25; 5; 9
313490;3134905;Jacutinga;Pouso Alegre;  633779,80;NA; 9
311050;3110509;Camanducaia;Pouso Alegre;  605887,03;NA; 9
314730;3147303;Paraisópolis;Pouso Alegre;  578419,04;NA; 9
313310;3133105;Itanhandu;Pouso Alegre;  420621,74;NA; 9
314340;3143401;Monte Sião;Pouso Alegre;  413046,30;NA; 9
314760;3147600;Passa Quatro;Pouso Alegre;  376173,06;NA; 9
311100;3111002;Campestre;Pouso Alegre;  350562,76;NA; 9
316440;3164407;São Sebastião da Bela Vista;Pouso Alegre;  339670,66;NA; 9
313780;3137809;Lambari;Pouso Alegre;  333540,77;NA; 9
311550;3115508;Caxambu;Pouso Alegre;  329263,18;NA; 9
310830;3108305;Borda da Mata;Pouso Alegre;  308218,96;NA; 9
313360;3133600;Itapeva;Pouso Alegre;  302770,02;NA; 9
310490;3104908;Baependi;Pouso Alegre;  262739,37;NA; 9
312450;3124500;Estiva;Pouso Alegre;  240891,90;NA; 9
310840;3108404;Botelhos;Pouso Alegre;  234480,50;NA; 9
311030;3110301;Caldas;Pouso Alegre;  228453,26;NA; 9
315260;3152600;Pouso Alto;Pouso Alegre;  220744,96;NA; 9
312080;3120805;Cruzília;Pouso Alegre;  220356,16;NA; 9
311770;3117702;Conceição do Rio Verde;Pouso Alegre;  207755,02;NA; 9
310970;3109709;Cachoeira de Minas;Pouso Alegre;  198579,12;NA; 9
311780;3117801;Conceição dos Ouros;Pouso Alegre;  186511,99;NA; 9
311790;3117900;Congonhal;Pouso Alegre;  184678,55;NA; 9
311410;3114105;Carmo de Minas;Pouso Alegre;  184675,43;NA; 9
312050;3120508;Cristina;Pouso Alegre;  181659,03;NA; 9
310890;3108909;Brazópolis;Pouso Alegre;  166200,18;NA; 9
313990;3139904;Maria da Fé;Pouso Alegre;  157644,94;NA; 9
311360;3113602;Careaçu;Pouso Alegre;  148840,54;NA; 9
315920;3159209;Santa Rita de Caldas;Pouso Alegre;  146632,99;NA; 9
310910;3109105;Bueno Brandão;Pouso Alegre;  137787,89;NA; 9
313150;3131505;Ipuiúna;Pouso Alegre;  132849,65;NA; 9
314910;3149101;Pedralva;Pouso Alegre;  128960,58;NA; 9
316740;3167400;Silvianópolis;Pouso Alegre;  120921,63;NA; 9
310790;3107901;Bom Repouso;Pouso Alegre;  118307,97;NA; 9
316980;3169802;Turvolândia;Pouso Alegre;  113206,62;NA; 9
317170;3171709;Virgínia;Pouso Alegre;  106308,38;NA; 9
315100;3151008;Piranguinho;Pouso Alegre;  101647,07;NA; 9
316540;3165404;Sapucaí-Mirim;Pouso Alegre;   97205,83;NA; 9
312110;3121100;Delfim Moreira;Pouso Alegre;   95137,02;NA; 9
313060;3130606;Inconfidentes;Pouso Alegre;   95100,29;NA; 9
312920;3129202;Heliodora;Pouso Alegre;   91428,98;NA; 9
310120;3101201;Aiuruoca;Pouso Alegre;   89750,70;NA; 9
316910;3169109;Toledo;Pouso Alegre;   88787,83;NA; 9
314380;3143807;Munhoz;Pouso Alegre;   88175,55;NA; 9
310140;3101409;Albertina;Pouso Alegre;   84668,79;NA; 9
312440;3124401;Espírito Santo do Dourado;Pouso Alegre;   71664,74;NA; 9
314440;3144409;Natércia;Pouso Alegre;   67909,20;NA; 9
314190;3141900;Minduri;Pouso Alegre;   67793,88;NA; 9
313590;3135902;Jesuânia;Pouso Alegre;   64435,19;NA; 9
310530;3105301;Bandeira do Sul;Pouso Alegre;   63942,68;NA; 9
312740;3127404;Gonçalves;Pouso Alegre;   59376,10;NA; 9
316780;3167806;Soledade de Minas;Pouso Alegre;   58024,74;NA; 9
316557;3165578;Senador Amaral;Pouso Alegre;   55966,38;NA; 9
311480;3114808;Carvalhos;Pouso Alegre;   55428,12;NA; 9
315090;3150901;Piranguçu;Pouso Alegre;   53190,37;NA; 9
316905;3169059;Tocos do Moji;Pouso Alegre;   49788,37;NA; 9
312990;3129905;Ibitiúra de Minas;Pouso Alegre;   49056,09;NA; 9
316320;3163201;São José do Alegre;Pouso Alegre;   42759,01;NA; 9
316230;3162302;São João da Mata;Pouso Alegre;   42253,55;NA; 9
311720;3117207;Conceição das Pedras;Pouso Alegre;   37234,92;NA; 9
314550;3145505;Olímpio Noronha;Pouso Alegre;   36587,12;NA; 9
310130;3101300;Alagoa;Pouso Alegre;   35472,87;NA; 9
311990;3119906;Córrego do Bom Jesus;Pouso Alegre;   33138,43;NA; 9
316640;3166402;Seritinga;Pouso Alegre;   33030,93;NA; 9
314040;3140407;Marmelópolis;Pouso Alegre;   30951,80;NA; 9
312280;3122801;Dom Viçoso;Pouso Alegre;   30419,48;NA; 9
316700;3167004;Serranos;Pouso Alegre;   27802,77;NA; 9
316490;3164902;São Sebastião do Rio Verde;Pouso Alegre;   27177,32;NA; 9
317220;3172202;Wenceslau Braz;Pouso Alegre;   26039,72;NA; 9
311850;3118502;Consolação;Pouso Alegre;   24459,40;NA; 9
316580;3165800;Senador José Bento;Pouso Alegre;   22681,82;NA; 9
316860;3168606;Teófilo Otoni;Teófilo Otoni; 2365624,22; 1;10
312160;3121605;Diamantina;Teófilo Otoni;  725681,28; 1;10
314430;3144300;Nanuque;Teófilo Otoni;  643887,50; 2;10
311230;3112307;Capelinha;Teófilo Otoni;  605890,19; 2;10
310170;3101706;Almenara;Teófilo Otoni;  496223,07; 3;10
313250;3132503;Itamarandiba;Teófilo Otoni;  403726,48; 3;10
310340;3103405;Araçuaí;Teófilo Otoni;  392694,90; 4;10
311370;3113701;Carlos Chagas;Teófilo Otoni;  320032,68; 4;10
316970;3169703;Turmalina;Teófilo Otoni;  309273,59; 5;10
314870;3148707;Pedra Azul;Teófilo Otoni;  272990,07; 5;10
313270;3132701;Itambacuri;Teófilo Otoni;  259464,82;NA;10
313330;3133303;Itaobim;Teófilo Otoni;  255006,90;NA;10
314180;3141801;Minas Novas;Teófilo Otoni;  251113,11;NA;10
314530;3145307;Novo Cruzeiro;Teófilo Otoni;  233654,92;NA;10
310090;3100906;Águas Formosas;Teófilo Otoni;  227089,20;NA;10
313580;3135803;Jequitinhonha;Teófilo Otoni;  225088,44;NA;10
316710;3167103;Serro;Teófilo Otoni;  224580,26;NA;10
310100;3101003;Águas Vermelhas;Teófilo Otoni;  220891,90;NA;10
314140;3141405;Medina;Teófilo Otoni;  215490,24;NA;10
313920;3139201;Malacacheta;Teófilo Otoni;  181475,94;NA;10
314630;3146305;Padre Paraíso;Teófilo Otoni;  168829,06;NA;10
311300;3113008;Caraí;Teófilo Otoni;  152305,06;NA;10
315240;3152402;Poté;Teófilo Otoni;  137616,88;NA;10
313600;3136009;Joaíma;Teófilo Otoni;  131812,74;NA;10
310470;3104700;Ataléia;Teófilo Otoni;  131807,39;NA;10
312760;3127602;Gouveia;Teófilo Otoni;  129192,47;NA;10
311350;3113503;Carbonita;Teófilo Otoni;  128343,68;NA;10
310060;3100609;Água Boa;Teófilo Otoni;  128317,16;NA;10
312235;3122355;Divisa Alegre;Teófilo Otoni;  123821,55;NA;10
313400;3134004;Itinga;Teófilo Otoni;  122220,75;NA;10
313700;3137007;Ladainha;Teófilo Otoni;  113190,44;NA;10
317160;3171600;Virgem da Lapa;Teófilo Otoni;  111825,18;NA;10
313470;3134707;Jacinto;Teófilo Otoni;  101960,01;NA;10
315710;3157104;Salto da Divisa;Teófilo Otoni;   97640,29;NA;10
311610;3116100;Chapada do Norte;Teófilo Otoni;   95509,22;NA;10
310650;3106507;Berilo;Teófilo Otoni;   93651,45;NA;10
316590;3165909;Senador Modestino Gonçalves;Teófilo Otoni;   92087,80;NA;10
316030;3160306;Santo Antônio do Jacinto;Teófilo Otoni;   89126,70;NA;10
310270;3102704;Cachoeira de Pajeú;Teófilo Otoni;   87806,27;NA;10
316555;3165552;Setubinha;Teófilo Otoni;   86753,75;NA;10
317107;3171071;Veredinha;Teófilo Otoni;   86473,98;NA;10
313230;3132305;Itaipé;Teófilo Otoni;   86367,84;NA;10
315660;3156601;Rubim;Teófilo Otoni;   85334,57;NA;10
316670;3166709;Serra dos Aimorés;Teófilo Otoni;   83622,59;NA;10
313650;3136504;Jordânia;Teófilo Otoni;   82014,92;NA;10
314535;3145356;Novo Oriente de Minas;Teófilo Otoni;   81938,49;NA;10
315217;3152170;Ponto dos Volantes;Teófilo Otoni;   81523,55;NA;10
311950;3119500;Coronel Murta;Teófilo Otoni;   80165,09;NA;10
310285;3102852;Angelândia;Teófilo Otoni;   77698,67;NA;10
313890;3138906;Machacalis;Teófilo Otoni;   74494,55;NA;10
312675;3126752;Franciscópolis;Teófilo Otoni;   71282,23;NA;10
313545;3135456;Jenipapo de Minas;Teófilo Otoni;   69761,70;NA;10
314850;3148509;Pavão;Teófilo Otoni;   69520,53;NA;10
312245;3122454;Divisópolis;Teófilo Otoni;   68904,72;NA;10
312650;3126505;Francisco Badaró;Teófilo Otoni;   65936,27;NA;10
311545;3115458;Catuji;Teófilo Otoni;   62975,79;NA;10
314055;3140555;Mata Verde;Teófilo Otoni;   62614,03;NA;10
312560;3125606;Felisburgo;Teófilo Otoni;   57826,12;NA;10
312015;3120151;Crisólita;Teófilo Otoni;   55271,43;NA;10
311700;3117009;Comercinho;Teófilo Otoni;   53964,46;NA;10
312680;3126802;Frei Gaspar;Teófilo Otoni;   52809,22;NA;10
313835;3138351;Leme do Prado;Teófilo Otoni;   50543,90;NA;10
312100;3121001;Datas;Teófilo Otoni;   47643,46;NA;10
314675;3146750;Palmópolis;Teófilo Otoni;   47115,80;NA;10
314620;3146206;Ouro Verde de Minas;Teófilo Otoni;   46239,01;NA;10
313652;3136520;José Gonçalves de Minas;Teófilo Otoni;   44991,40;NA;10
315765;3157658;Santa Helena de Minas;Teófilo Otoni;   44429,25;NA;10
310520;3105202;Bandeira;Teófilo Otoni;   44394,20;NA;10
310445;3104452;Aricanduva;Teófilo Otoni;   43958,43;NA;10
310240;3102407;Alvorada de Minas;Teófilo Otoni;   42534,49;NA;10
314490;3144904;Nova Módica;Teófilo Otoni;   42531,04;NA;10
312540;3125408;Felício dos Santos;Teófilo Otoni;   42471,37;NA;10
312010;3120102;Couto de Magalhães de Minas;Teófilo Otoni;   42113,94;NA;10
315810;3158102;Santa Maria do Salto;Teófilo Otoni;   40115,12;NA;10
315510;3155108;Rio do Prado;Teófilo Otoni;   39854,97;NA;10
311080;3110806;Campanário;Teófilo Otoni;   38748,11;NA;10
315000;3150000;Pescador;Teófilo Otoni;   38630,50;NA;10
310660;3106606;Bertópolis;Teófilo Otoni;   37078,19;NA;10
316330;3163300;São José do Divino;Teófilo Otoni;   36654,12;NA;10
312705;3127057;Fronteira dos Vales;Teófilo Otoni;   35765,57;NA;10
316020;3160207;Santo Antônio do Itambé;Teófilo Otoni;   34648,04;NA;10
312550;3125507;São Gonçalo do Rio Preto;Teófilo Otoni;   32395,82;NA;10
314315;3143153;Monte Formoso;Teófilo Otoni;   32087,28;NA;10
316650;3166501;Serra Azul de Minas;Teófilo Otoni;   31827,63;NA;10
317030;3170305;Umburatiba;Teófilo Otoni;   30647,61;NA;10
315330;3153301;Presidente Kubitschek;Teófilo Otoni;   27660,14;NA;10
317010;3170107;Uberaba;Uberaba;13152650,57; 1;11
310400;3104007;Araxá;Uberaba; 5141110,68; 1;11
312710;3127107;Frutal;Uberaba; 1842323,01; 2;11
313440;3134400;Iturama;Uberaba; 1725281,39; 2;11
315690;3156908;Sacramento;Uberaba; 1534687,29; 3;11
312700;3127008;Fronteira;Uberaba; 1057313,00; 3;11
312950;3129509;Ibiá;Uberaba;  920284,62; 4;11
311730;3117306;Conceição das Alagoas;Uberaba;  844041,28; 4;11
314500;3145000;Nova Ponte;Uberaba;  773729,61; 5;11
316810;3168101;Tapira;Uberaba;  681292,85; 5;11
315770;3157708;Santa Juliana;Uberaba;  640519,79;NA;11
314980;3149804;Perdizes;Uberaba;  601624,06;NA;11
311140;3111408;Campo Florido;Uberaba;  505682,27;NA;11
315160;3151602;Planura;Uberaba;  488520,96;NA;11
313340;3133402;Itapagipe;Uberaba;  454891,03;NA;11
311820;3118205;Conquista;Uberaba;  437619,81;NA;11
312125;3121258;Delta;Uberaba;  346116,03;NA;11
313862;3138625;Limeira do Oeste;Uberaba;  342563,07;NA;11
311150;3111507;Campos Altos;Uberaba;  325402,08;NA;11
311455;3114550;Carneirinho;Uberaba;  318482,31;NA;11
315070;3150703;Pirajuba;Uberaba;  308994,36;NA;11
316130;3161304;São Francisco de Sales;Uberaba;  144495,94;NA;11
310070;3100708;Água Comprida;Uberaba;  132462,12;NA;11
317043;3170438;União de Minas;Uberaba;  131512,19;NA;11
317110;3171105;Veríssimo;Uberaba;  127978,13;NA;11
311690;3116902;Comendador Gomes;Uberaba;  111341,12;NA;11
314920;3149200;Pedrinópolis;Uberaba;  106911,74;NA;11
315300;3153004;Pratinha;Uberaba;   94326,72;NA;11
315970;3159704;Santa Rosa da Serra;Uberaba;   54783,80;NA;11
317020;3170206;Uberlândia;Uberlândia;34201961,80; 1;12
310350;3103504;Araguari;Uberlândia; 4091891,21; 1;12
313420;3134202;Ituiutaba;Uberlândia; 2895226,17; 2;12
310375;3103751;Araporã;Uberlândia; 1189015,42; 2;12
314310;3143104;Monte Carmelo;Uberlândia; 1091758,53; 3;12
315280;3152808;Prata;Uberlândia;  928752,15; 3;12
315980;3159803;Santa Vitória;Uberlândia;  721332,99; 4;12
316960;3169604;Tupaciguara;Uberlândia;  689242,94; 4;12
314280;3142809;Monte Alegre de Minas;Uberlândia;  551615,98; 5;12
311110;3111101;Campina Verde;Uberlândia;  508563,17; 5;12
313070;3130705;Indianópolis;Uberlândia;  438896,98;NA;12
311260;3112604;Capinópolis;Uberlândia;  382630,32;NA;12
312480;3124807;Estrela do Sul;Uberlândia;  375621,05;NA;12
311180;3111804;Canápolis;Uberlândia;  346723,35;NA;12
311580;3115805;Centralina;Uberlândia;  271412,01;NA;12
313160;3131604;Iraí de Minas;Uberlândia;  213513,38;NA;12
310010;3100104;Abadia dos Dourados;Uberlândia;  154969,41;NA;12
315640;3156403;Romaria;Uberlândia;  136783,49;NA;12
312910;3129103;Gurinhatã;Uberlândia;  130298,84;NA;12
313140;3131406;Ipiaçu;Uberlândia;   97670,79;NA;12
310980;3109808;Cachoeira Dourada;Uberlândia;   75010,94;NA;12
312350;3123502;Douradoquara;Uberlândia;   49726,88;NA;12
311500;3115003;Cascalho Rico;Uberlândia;   47834,47;NA;12
312790;3127909;Grupiara;Uberlândia;   27311,88;NA;12
317070;3170701;Varginha;Varginha; 5442562,72; 1;13
310160;3101607;Alfenas;Varginha; 2664045,63; 1;13
313820;3138203;Lavras;Varginha; 2485867,58; 2;13
314790;3147907;Passos;Varginha; 2387740,30; 2;13
316930;3169307;Três Corações;Varginha; 2216413,21; 3;13
316470;3164704;São Sebastião do Paraíso;Varginha; 1937431,27; 3;13
312870;3128709;Guaxupé;Varginha; 1914079,72; 4;13
316940;3169406;Três Pontas;Varginha; 1254490,68; 4;13
311120;3111200;Campo Belo;Varginha;  983869,02; 5;13
313900;3139003;Machado;Varginha;  962422,60; 5;13
315150;3151503;Piumhi;Varginha;  866679,09;NA;13
310710;3107109;Boa Esperança;Varginha;  833110,82;NA;13
316294;3162948;São José da Barra;Varginha;  684813,82;NA;13
312970;3129707;Ibiraci;Varginha;  624531,13;NA;13
316200;3162005;São Gonçalo do Sapucaí;Varginha;  612288,03;NA;13
312360;3123601;Elói Mendes;Varginha;  593370,03;NA;13
313375;3133758;Itaú de Minas;Varginha;  509262,63;NA;13
314990;3149903;Perdões;Varginha;  478384,92;NA;13
311160;3111606;Campos Gerais;Varginha;  477705,38;NA;13
314720;3147204;Paraguaçu;Varginha;  476274,07;NA;13
311440;3114402;Carmo do Rio Claro;Varginha;  451283,58;NA;13
314460;3144607;Nepomuceno;Varginha;  444408,62;NA;13
312830;3128303;Guaranésia;Varginha;  431995,53;NA;13
314410;3144102;Muzambinho;Varginha;  415062,36;NA;13
314320;3143203;Monte Santo de Minas;Varginha;  357502,00;NA;13
310190;3101904;Alpinópolis;Varginha;  352545,49;NA;13
313040;3130408;Ijaci;Varginha;  334806,14;NA;13
311510;3115102;Cássia;Varginha;  317783,40;NA;13
310800;3108008;Bom Sucesso;Varginha;  305619,23;NA;13
311090;3110905;Campanha;Varginha;  304028,42;NA;13
314510;3145109;Nova Resende;Varginha;  296654,17;NA;13
314300;3143005;Monte Belo;Varginha;  282966,69;NA;13
310410;3104106;Arceburgo;Varginha;  267724,09;NA;13
311200;3112000;Candeias;Varginha;  260942,65;NA;13
315170;3151701;Poço Fundo;Varginha;  259218,91;NA;13
315990;3159902;Santo Antônio do Amparo;Varginha;  249736,73;NA;13
312810;3128105;Guapé;Varginha;  242893,32;NA;13
310950;3109501;Cabo Verde;Varginha;  230283,57;NA;13
310430;3104304;Areado;Varginha;  226083,08;NA;13
311070;3110707;Cambuquira;Varginha;  224706,81;NA;13
311390;3113909;Carmo da Cachoeira;Varginha;  223936,57;NA;13
310200;3102001;Alterosa;Varginha;  218827,59;NA;13
311280;3112802;Capitólio;Varginha;  208001,14;NA;13
311710;3117108;Conceição da Aparecida;Varginha;  203379,35;NA;13
314260;3142601;Monsenhor Paulo;Varginha;  195798,29;NA;13
312020;3120201;Cristais;Varginha;  194875,51;NA;13
316430;3164308;São Roque de Minas;Varginha;  194085,80;NA;13
313050;3130507;Ilicínea;Varginha;  183631,33;NA;13
311130;3111309;Campo do Meio;Varginha;  172041,07;NA;13
313290;3132909;Itamogi;Varginha;  168368,12;NA;13
313690;3136900;Juruaia;Varginha;  164661,30;NA;13
312120;3121209;Delfinópolis;Varginha;  162177,86;NA;13
315830;3158300;Santana da Vargem;Varginha;  149512,28;NA;13
311870;3118700;Coqueiral;Varginha;  148753,27;NA;13
316220;3162203;São João Batista do Glória;Varginha;  141422,03;NA;13
316510;3165107;São Tomás de Aquino;Varginha;  138370,09;NA;13
315290;3152907;Pratápolis;Varginha;  138190,22;NA;13
316690;3166907;Serrania;Varginha;  124662,57;NA;13
310760;3107604;Bom Jesus da Penha;Varginha;  123213,26;NA;13
311640;3116407;Claraval;Varginha;  122624,32;NA;13
311240;3112406;Capetinga;Varginha;  118129,99;NA;13
313480;3134806;Jacuí;Varginha;  109705,28;NA;13
313870;3138708;Luminárias;Varginha;  102481,67;NA;13
316390;3163904;São Pedro da União;Varginha;   98136,12;NA;13
312240;3122405;Divisa Nova;Varginha;   92661,15;NA;13
316520;3165206;São Thomé das Letras;Varginha;   89609,87;NA;13
315470;3154705;Ribeirão Vermelho;Varginha;   85725,82;NA;13
313450;3134509;Itutinga;Varginha;   83598,33;NA;13
311460;3114600;Carrancas;Varginha;   78529,16;NA;13
315880;3158805;Santana do Jacaré;Varginha;   76002,72;NA;13
312630;3126307;Fortaleza de Minas;Varginha;   67237,24;NA;13
311190;3111903;Cana Verde;Varginha;   62957,17;NA;13
313430;3134301;Itumirim;Varginha;   61589,92;NA;13
312340;3123403;Doresópolis;Varginha;   61548,06;NA;13
316080;3160801;São Bento Abade;Varginha;   60947,75;NA;13
310080;3100807;Aguanil;Varginha;   59822,29;NA;13
311900;3119005;Cordislândia;Varginha;   59147,24;NA;13
313080;3130804;Ingaí;Varginha;   58624,01;NA;13
311470;3114709;Carvalhópolis;Varginha;   50807,36;NA;13
317060;3170602;Vargem Bonita;Varginha;   42003,25;NA;13
312520;3125200;Fama;Varginha;   40858,07;NA;13
313000;3130002;Ibituruna;Varginha;   36478,51;NA;13
